outcome,y_drop,y_drop,y_threshold,y_threshold
variant,M1,M2,M1,M2
Boosting,0.593 ± 0.055,0.593 ± 0.055,0.542 ± 0.053,0.542 ± 0.053
Elastic Net,0.673 ± 0.053,0.673 ± 0.053,0.588 ± 0.075,0.588 ± 0.075
Ensemble Voting,0.658 ± 0.048,0.658 ± 0.048,0.583 ± 0.073,0.583 ± 0.073
KNN,0.620 ± 0.091,0.620 ± 0.091,0.616 ± 0.102,0.616 ± 0.102
LASSO,0.679 ± 0.058,0.679 ± 0.058,0.590 ± 0.082,0.590 ± 0.082
Neural Net (MLP),0.615 ± 0.093,0.615 ± 0.093,0.575 ± 0.102,0.575 ± 0.102
Random Forest,0.645 ± 0.063,0.645 ± 0.063,0.560 ± 0.074,0.560 ± 0.074
Ridge,0.665 ± 0.050,0.665 ± 0.050,0.611 ± 0.064,0.611 ± 0.064
SVM,0.610 ± 0.080,0.610 ± 0.080,0.567 ± 0.110,0.567 ± 0.110
