cppo_index,num_candidates,candidate_indices
0,1,[0]
1,1,[1]
2,1,[2]
3,1,[3]
4,1,[4]
5,1,[5]
6,1,[6]
7,1,[7]
8,1,[8]
9,1,[9]
10,2,"[10, 324]"
11,1,[11]
12,1,[12]
13,1,[13]
14,1,[14]
15,1,[15]
16,1,[16]
17,2,"[17, 334]"
18,1,[23]
19,1,[24]
20,1,[25]
21,1,[30]
22,2,"[31, 326]"
23,0,[]
24,1,[37]
25,0,[]
26,1,[39]
27,2,"[43, 338]"
28,1,[47]
29,1,[49]
30,1,[52]
31,1,[53]
32,1,[54]
33,2,"[55, 337]"
34,1,[56]
35,0,[]
36,1,[59]
37,1,[60]
38,1,[64]
39,1,[65]
40,1,[66]
41,1,[69]
42,1,[70]
43,1,[71]
44,2,"[72, 330]"
45,1,[73]
46,1,[74]
47,2,"[75, 321]"
48,1,[77]
49,1,[78]
50,1,[83]
51,2,"[84, 323]"
52,1,[94]
53,1,[96]
54,1,[103]
55,0,[]
56,1,[108]
57,1,[109]
58,0,[]
59,1,[112]
60,1,[113]
61,1,[115]
62,1,[116]
63,0,[]
64,1,[118]
65,1,[119]
66,1,[121]
67,1,[122]
68,1,[125]
69,1,[129]
70,1,[130]
71,1,[131]
72,1,[132]
73,1,[134]
74,1,[135]
75,1,[137]
76,1,[138]
77,1,[139]
78,1,[143]
79,1,[144]
80,1,[145]
81,1,[147]
82,1,[151]
83,1,[152]
84,1,[153]
85,1,[154]
86,1,[155]
87,0,[]
88,1,[157]
89,1,[158]
90,1,[159]
91,1,[160]
92,1,[161]
93,1,[165]
94,1,[166]
95,1,[169]
96,1,[171]
97,1,[172]
98,1,[173]
99,1,[175]
100,1,[177]
101,1,[178]
102,1,[179]
103,1,[180]
104,0,[]
105,0,[]
106,1,[184]
107,1,[185]
108,1,[186]
109,1,[188]
110,1,[189]
111,1,[191]
112,1,[192]
113,1,[193]
114,1,[194]
115,1,[195]
116,1,[196]
117,1,[197]
118,1,[198]
119,1,[199]
120,1,[200]
121,1,[201]
122,1,[202]
123,1,[203]
124,1,[204]
125,1,[205]
126,1,[206]
127,1,[207]
128,1,[208]
129,1,[209]
130,1,[210]
131,1,[211]
132,1,[212]
133,1,[213]
134,1,[214]
135,1,[215]
136,1,[216]
137,1,[218]
138,0,[]
139,1,[221]
140,1,[222]
141,0,[]
142,1,[224]
143,1,[226]
144,1,[227]
145,1,[230]
146,1,[232]
147,1,[233]
148,1,[237]
149,1,[238]
150,1,[239]
151,1,[240]
152,1,[241]
153,1,[245]
154,1,[246]
155,1,[247]
156,1,[248]
157,1,[249]
158,1,[251]
159,1,[252]
160,1,[253]
161,1,[256]
162,1,[257]
163,1,[258]
164,1,[259]
165,1,[260]
166,1,[261]
167,0,[]
168,1,[263]
169,1,[264]
170,1,[265]
171,1,[266]
172,1,[267]
173,1,[268]
174,1,[269]
175,1,[270]
176,1,[271]
177,1,[272]
178,1,[273]
179,1,[274]
180,1,[275]
181,1,[276]
182,1,[277]
183,0,[]
184,1,[279]
185,0,[]
186,1,[281]
187,1,[282]
188,1,[283]
189,1,[284]
190,1,[285]
191,0,[]
192,1,[287]
193,1,[288]
194,1,[289]
195,1,[290]
196,1,[291]
197,0,[]
198,1,[293]
199,1,[294]
200,1,[295]
201,1,[296]
202,1,[297]
203,1,[298]
204,0,[]
205,1,[301]
206,1,[307]
207,1,[311]
208,1,[313]
209,1,[315]
210,2,"[75, 321]"
211,2,"[84, 323]"
212,2,"[10, 324]"
213,2,"[31, 326]"
214,2,"[72, 330]"
215,2,"[17, 334]"
216,1,[335]
217,2,"[55, 337]"
218,2,"[43, 338]"
