CPPO_index,match_status,candidate_count,QLQ_indices
0,UNIQUE,1,0
1,UNIQUE,1,1
2,UNIQUE,1,2
3,UNIQUE,1,3
4,UNIQUE,1,4
5,UNIQUE,1,5
6,UNIQUE,1,6
7,UNIQUE,1,7
8,UNIQUE,1,8
9,UNIQUE,1,9
10,AMBIGUOUS,2,"10,324"
11,UNIQUE,1,11
12,UNIQUE,1,12
13,UNIQUE,1,13
14,UNIQUE,1,14
15,UNIQUE,1,15
16,UNIQUE,1,16
17,AMBIGUOUS,2,"17,334"
18,UNIQUE,1,23
19,UNIQUE,1,24
20,UNIQUE,1,25
21,UNIQUE,1,30
22,AMBIGUOUS,2,"31,326"
23,NO_MATCH,0,
24,UNIQUE,1,37
25,NO_MATCH,0,
26,UNIQUE,1,39
27,AMBIGUOUS,2,"43,338"
28,UNIQUE,1,47
29,UNIQUE,1,49
30,UNIQUE,1,52
31,UNIQUE,1,53
32,UNIQUE,1,54
33,AMBIGUOUS,2,"55,337"
34,UNIQUE,1,56
35,NO_MATCH,0,
36,UNIQUE,1,59
37,UNIQUE,1,60
38,UNIQUE,1,64
39,UNIQUE,1,65
40,UNIQUE,1,66
41,UNIQUE,1,69
42,UNIQUE,1,70
43,UNIQUE,1,71
44,AMBIGUOUS,2,"72,330"
45,UNIQUE,1,73
46,UNIQUE,1,74
47,AMBIGUOUS,2,"75,321"
48,UNIQUE,1,77
49,UNIQUE,1,78
50,UNIQUE,1,83
51,AMBIGUOUS,2,"84,323"
52,UNIQUE,1,94
53,UNIQUE,1,96
54,UNIQUE,1,103
55,NO_MATCH,0,
56,UNIQUE,1,108
57,UNIQUE,1,109
58,NO_MATCH,0,
59,UNIQUE,1,112
60,UNIQUE,1,113
61,UNIQUE,1,115
62,UNIQUE,1,116
63,NO_MATCH,0,
64,UNIQUE,1,118
65,UNIQUE,1,119
66,UNIQUE,1,121
67,UNIQUE,1,122
68,UNIQUE,1,125
69,UNIQUE,1,129
70,UNIQUE,1,130
71,UNIQUE,1,131
72,UNIQUE,1,132
73,UNIQUE,1,134
74,UNIQUE,1,135
75,UNIQUE,1,137
76,UNIQUE,1,138
77,UNIQUE,1,139
78,UNIQUE,1,143
79,UNIQUE,1,144
80,UNIQUE,1,145
81,UNIQUE,1,147
82,UNIQUE,1,151
83,UNIQUE,1,152
84,UNIQUE,1,153
85,UNIQUE,1,154
86,UNIQUE,1,155
87,NO_MATCH,0,
88,UNIQUE,1,157
89,UNIQUE,1,158
90,UNIQUE,1,159
91,UNIQUE,1,160
92,UNIQUE,1,161
93,UNIQUE,1,165
94,UNIQUE,1,166
95,UNIQUE,1,169
96,UNIQUE,1,171
97,UNIQUE,1,172
98,UNIQUE,1,173
99,UNIQUE,1,175
100,UNIQUE,1,177
101,UNIQUE,1,178
102,UNIQUE,1,179
103,UNIQUE,1,180
104,NO_MATCH,0,
105,NO_MATCH,0,
106,UNIQUE,1,184
107,UNIQUE,1,185
108,UNIQUE,1,186
109,UNIQUE,1,188
110,UNIQUE,1,189
111,UNIQUE,1,191
112,UNIQUE,1,192
113,UNIQUE,1,193
114,UNIQUE,1,194
115,UNIQUE,1,195
116,UNIQUE,1,196
117,UNIQUE,1,197
118,UNIQUE,1,198
119,UNIQUE,1,199
120,UNIQUE,1,200
121,UNIQUE,1,201
122,UNIQUE,1,202
123,UNIQUE,1,203
124,UNIQUE,1,204
125,UNIQUE,1,205
126,UNIQUE,1,206
127,UNIQUE,1,207
128,UNIQUE,1,208
129,UNIQUE,1,209
130,UNIQUE,1,210
131,UNIQUE,1,211
132,UNIQUE,1,212
133,UNIQUE,1,213
134,UNIQUE,1,214
135,UNIQUE,1,215
136,UNIQUE,1,216
137,UNIQUE,1,218
138,NO_MATCH,0,
139,UNIQUE,1,221
140,UNIQUE,1,222
141,NO_MATCH,0,
142,UNIQUE,1,224
143,UNIQUE,1,226
144,UNIQUE,1,227
145,UNIQUE,1,230
146,UNIQUE,1,232
147,UNIQUE,1,233
148,UNIQUE,1,237
149,UNIQUE,1,238
150,UNIQUE,1,239
151,UNIQUE,1,240
152,UNIQUE,1,241
153,UNIQUE,1,245
154,UNIQUE,1,246
155,UNIQUE,1,247
156,UNIQUE,1,248
157,UNIQUE,1,249
158,UNIQUE,1,251
159,UNIQUE,1,252
160,UNIQUE,1,253
161,UNIQUE,1,256
162,UNIQUE,1,257
163,UNIQUE,1,258
164,UNIQUE,1,259
165,UNIQUE,1,260
166,UNIQUE,1,261
167,NO_MATCH,0,
168,UNIQUE,1,263
169,UNIQUE,1,264
170,UNIQUE,1,265
171,UNIQUE,1,266
172,UNIQUE,1,267
173,UNIQUE,1,268
174,UNIQUE,1,269
175,UNIQUE,1,270
176,UNIQUE,1,271
177,UNIQUE,1,272
178,UNIQUE,1,273
179,UNIQUE,1,274
180,UNIQUE,1,275
181,UNIQUE,1,276
182,UNIQUE,1,277
183,NO_MATCH,0,
184,UNIQUE,1,279
185,NO_MATCH,0,
186,UNIQUE,1,281
187,UNIQUE,1,282
188,UNIQUE,1,283
189,UNIQUE,1,284
190,UNIQUE,1,285
191,NO_MATCH,0,
192,UNIQUE,1,287
193,UNIQUE,1,288
194,UNIQUE,1,289
195,UNIQUE,1,290
196,UNIQUE,1,291
197,NO_MATCH,0,
198,UNIQUE,1,293
199,UNIQUE,1,294
200,UNIQUE,1,295
201,UNIQUE,1,296
202,UNIQUE,1,297
203,UNIQUE,1,298
204,NO_MATCH,0,
205,UNIQUE,1,301
206,UNIQUE,1,307
207,UNIQUE,1,311
208,UNIQUE,1,313
209,UNIQUE,1,315
210,AMBIGUOUS,2,"75,321"
211,AMBIGUOUS,2,"84,323"
212,AMBIGUOUS,2,"10,324"
213,AMBIGUOUS,2,"31,326"
214,AMBIGUOUS,2,"72,330"
215,AMBIGUOUS,2,"17,334"
216,UNIQUE,1,335
217,AMBIGUOUS,2,"55,337"
218,AMBIGUOUS,2,"43,338"
