cppo_index,qlq_index,qlq_id,matching_score_indices
10,10,38,"[10, 324]"
10,324,968,"[10, 324]"
17,17,53,"[17, 334]"
17,334,991,"[17, 334]"
22,31,102,"[31, 326]"
22,326,973,"[31, 326]"
27,43,138,"[43, 338]"
27,338,999,"[43, 338]"
33,55,157,"[55, 337]"
33,337,998,"[55, 337]"
44,72,219,"[72, 330]"
44,330,987,"[72, 330]"
47,75,225,"[75, 321]"
47,321,963,"[75, 321]"
51,84,253,"[84, 323]"
51,323,965,"[84, 323]"
210,75,225,"[75, 321]"
210,321,963,"[75, 321]"
211,84,253,"[84, 323]"
211,323,965,"[84, 323]"
212,10,38,"[10, 324]"
212,324,968,"[10, 324]"
213,31,102,"[31, 326]"
213,326,973,"[31, 326]"
214,72,219,"[72, 330]"
214,330,987,"[72, 330]"
215,17,53,"[17, 334]"
215,334,991,"[17, 334]"
217,55,157,"[55, 337]"
217,337,998,"[55, 337]"
218,43,138,"[43, 338]"
218,338,999,"[43, 338]"
