cppo_index,qlq_index,qlq_id,cppo_baseline,qlq_baseline,baseline_diff,cppo_end,qlq_end,end_diff,total_diff
23,297,898,60.9,61.21,0.3100000000000023,83.3,83.3,0.0,0.3100000000000023
23,5,29,60.9,60.0,0.8999999999999986,83.3,83.3,0.0,0.8999999999999986
23,0,8,60.9,62.46,1.5600000000000023,83.3,83.3,0.0,1.5600000000000023
25,83,251,71.32,71.12,0.19999999999998863,50.0,50.0,0.0,0.19999999999998863
25,221,686,71.32,70.41,0.9099999999999966,50.0,50.0,0.0,0.9099999999999966
25,272,849,71.32,74.76,3.440000000000012,50.0,50.0,0.0,3.440000000000012
35,268,841,61.0,62.86,1.8599999999999994,50.0,50.0,0.0,1.8599999999999994
35,196,608,61.0,58.81,2.1899999999999977,50.0,50.0,0.0,2.1899999999999977
35,338,999,61.0,57.39,3.6099999999999994,50.0,50.0,0.0,3.6099999999999994
55,307,938,66.9,66.8,0.10000000000000853,83.3,83.3,0.0,0.10000000000000853
55,194,604,66.9,66.15,0.75,83.3,83.3,0.0,0.75
55,259,822,66.9,63.24,3.6600000000000037,83.3,83.3,0.0,3.6600000000000037
58,54,156,85.31,81.24,4.070000000000007,75.0,75.0,0.0,4.070000000000007
58,224,697,85.31,79.97,5.340000000000003,75.0,75.0,0.0,5.340000000000003
58,74,223,85.31,90.74,5.429999999999993,75.0,75.0,0.0,5.429999999999993
63,54,156,83.65,81.24,2.410000000000011,75.0,75.0,0.0,2.410000000000011
63,224,697,83.65,79.97,3.680000000000007,75.0,75.0,0.0,3.680000000000007
63,74,223,83.65,90.74,7.089999999999989,75.0,75.0,0.0,7.089999999999989
87,131,366,70.72,68.4,2.319999999999993,33.3,33.3,0.0,2.319999999999993
87,166,501,70.72,57.19,13.530000000000001,33.3,33.3,0.0,13.530000000000001
87,238,760,70.72,55.99,14.729999999999997,33.3,33.3,0.0,14.729999999999997
104,131,366,74.16,68.4,5.759999999999991,33.3,33.3,0.0,5.759999999999991
104,166,501,74.16,57.19,16.97,33.3,33.3,0.0,16.97
104,272,849,74.16,74.76,0.6000000000000085,33.3,50.0,16.700000000000003,17.30000000000001
105,143,428,74.16,72.87,1.289999999999992,91.7,91.7,0.0,1.289999999999992
105,151,457,74.16,74.81,0.6500000000000057,91.7,83.3,8.400000000000006,9.050000000000011
105,315,946,74.16,73.24,0.9200000000000017,91.7,83.3,8.400000000000006,9.320000000000007
138,77,228,56.19,59.05,2.8599999999999994,66.7,66.7,0.0,2.8599999999999994
138,60,175,56.19,60.73,4.539999999999999,66.7,66.7,0.0,4.539999999999999
138,226,718,56.19,64.77,8.579999999999998,66.7,66.7,0.0,8.579999999999998
141,212,663,80.5,80.29,0.20999999999999375,50.0,50.0,0.0,0.20999999999999375
141,295,896,80.5,82.48,1.980000000000004,50.0,50.0,0.0,1.980000000000004
141,258,816,80.5,83.63,3.1299999999999955,50.0,50.0,0.0,3.1299999999999955
167,237,758,44.56,46.28,1.7199999999999989,50.0,50.0,0.0,1.7199999999999989
167,43,138,44.56,57.39,12.829999999999998,50.0,50.0,0.0,12.829999999999998
167,338,999,44.56,57.39,12.829999999999998,50.0,50.0,0.0,12.829999999999998
183,139,389,74.35,70.3,4.049999999999997,58.3,58.3,0.0,4.049999999999997
183,17,53,74.35,81.58,7.230000000000004,58.3,58.3,0.0,7.230000000000004
183,334,991,74.35,81.58,7.230000000000004,58.3,58.3,0.0,7.230000000000004
185,43,138,57.44,57.39,0.04999999999999716,50.0,50.0,0.0,0.04999999999999716
185,338,999,57.44,57.39,0.04999999999999716,50.0,50.0,0.0,0.04999999999999716
185,196,608,57.44,58.81,1.3700000000000045,50.0,50.0,0.0,1.3700000000000045
191,65,195,64.2,60.07,4.130000000000003,91.7,91.7,0.0,4.130000000000003
191,143,428,64.2,72.87,8.670000000000002,91.7,91.7,0.0,8.670000000000002
191,259,822,64.2,63.24,0.9600000000000009,91.7,83.3,8.400000000000006,9.360000000000007
197,194,604,65.58,66.15,0.5700000000000074,83.3,83.3,0.0,0.5700000000000074
197,307,938,65.58,66.8,1.2199999999999989,83.3,83.3,0.0,1.2199999999999989
197,259,822,65.58,63.24,2.3399999999999963,83.3,83.3,0.0,2.3399999999999963
204,1,14,83.97,83.93,0.03999999999999204,83.3,83.3,0.0,0.03999999999999204
204,293,889,83.97,84.78,0.8100000000000023,83.3,83.3,0.0,0.8100000000000023
204,165,500,83.97,82.92,1.0499999999999972,83.3,83.3,0.0,1.0499999999999972
