model,variant,outcome,auc_mean,auc_sd,ci_lo,ci_hi,ap_mean,n
lasso,M1,y_drop,0.6772727272727274,0.04258850343660173,0.5879571522085609,0.7507022007759167,0.4994751474912782,186
lasso,M1,y_drop,0.6789044289044289,0.05768936443246891,0.6004188280504316,0.7579648992139959,0.5151498469572133,186
ridge,M1,y_drop,0.6645687645687647,0.04956283713989694,0.5710225916681643,0.736021872055955,0.509442546185705,186
elasticnet,M1,y_drop,0.6732905982905983,0.053423585291375066,0.5932947745050162,0.7513682880259727,0.5063340474965318,186
knn,M1,y_drop,0.619988344988345,0.09115780185735681,0.5280159793138134,0.70350903464111,0.45016426397672493,186
random_forest,M1,y_drop,0.6448523698523698,0.06312947818742683,0.5658531915141001,0.7399270188564546,0.4800477675086933,186
boosting,M1,y_drop,0.5930944055944055,0.0549684204406542,0.5218396441464832,0.7037041979922002,0.43232437022872233,186
svm,M1,y_drop,0.6098873348873348,0.07968084247731362,0.5387985481407089,0.7043396752785941,0.4502933367211073,186
mlp,M1,y_drop,0.6152680652680651,0.09343128222728868,0.5241828269769446,0.7092031044137022,0.49551464476532664,186
